n_seed,n_tree,idx_test,beta_ATE_coef,beta_ATE_p,beta_ITE_coef,beta_ITE_p,recov_coef,recov_p,duration
1,1000,1,1.050648311,1.10E-37,0.96051582,0.000376598,0.365519311,5.71E-33,35.66
1,1000,2,1.031770883,1.58E-41,0.52588336,0.109629596,0.341268887,1.08E-28,34.72
1,1000,3,1.035052556,8.07E-45,1.609041192,3.38E-05,0.360338556,5.03E-32,29.55
1,1000,4,1.029989753,1.74E-36,1.052559519,0.000121444,0.313857258,2.68E-24,37.93
1,1000,5,1.04543154,1.13E-43,1.220184601,5.15E-06,0.322734444,1.13E-25,42.19
1,1000,6,1.032958985,1.30E-33,0.624952565,0.104129356,0.303984701,8.00E-23,49.88
1,1000,7,1.030197921,4.69E-49,1.558230788,0.000103328,0.389433978,1.47E-37,39.75
1,1000,8,1.038329349,2.61E-49,1.567837628,2.83E-06,0.274978106,8.30E-19,28.84
1,1000,9,1.040282432,5.72E-41,1.34483043,6.14E-06,0.30029338,2.76E-22,38.77
1,1000,10,1.028755875,5.99E-40,1.500828115,0.000652683,0.30835614,1.81E-23,34.76
1,1000,11,1.039666589,5.04E-36,0.243951099,0.33678124,0.298867155,4.42E-22,36.72
1,1000,12,1.031099972,5.46E-36,1.777103197,0.000109895,0.347807809,8.23E-30,31.3
1,1000,13,1.031423589,6.66E-41,1.326847526,0.000748883,0.345639496,1.94E-29,40.48
1,1000,14,1.028340457,5.44E-38,1.371588604,0.001481007,0.377644663,3.00E-35,36.77
1,1000,15,1.038702832,1.43E-41,1.796906191,1.37E-05,0.372443909,2.93E-34,46.81
1,1000,16,1.028413061,1.27E-36,0.933325808,0.034917433,0.291294585,5.22E-21,42.34
1,1000,17,1.049292127,1.94E-39,1.583890187,0.001919132,0.354684014,5.16E-31,37.35
1,1000,18,1.040525478,9.64E-42,1.171630917,0.003186753,0.32632844,3.05E-26,29.68
1,1000,19,1.030745135,6.79E-37,0.675620155,0.087741925,0.301763937,1.69E-22,36.88
1,1000,20,1.044849651,8.21E-38,1.076993935,3.86E-05,0.338440269,3.21E-28,30.09
1,1000,21,1.031077443,2.04E-36,1.20264156,0.00463371,0.35049351,2.81E-30,38
1,1000,22,1.034208038,7.28E-42,0.643442088,0.090153131,0.313374796,3.17E-24,36.27
1,1000,23,1.032142237,3.41E-38,1.11760302,0.001532203,0.273679092,1.22E-18,35.25
1,1000,24,1.045224576,3.18E-42,1.6940952,0.000547101,0.30097961,2.19E-22,42.61
1,1000,25,1.041802299,3.81E-42,1.01429385,0.009628896,0.307659324,2.29E-23,35.31
1,1000,26,1.049588723,8.59E-40,0.966133894,0.002722977,0.320261575,2.76E-25,42.58
1,1000,27,1.035777502,5.15E-36,1.497074241,2.37E-06,0.300886944,2.26E-22,33.65
1,1000,28,1.035887459,5.42E-39,1.523822737,1.01E-06,0.348304608,6.76E-30,36.15
1,1000,29,1.040104884,5.57E-34,1.047534307,0.010477961,0.242038268,8.49E-15,36.67
1,1000,30,1.025420523,2.15E-35,0.824375353,0.009238195,0.321746756,1.62E-25,34.06
1,1000,31,1.025855029,8.85E-37,0.699432507,0.053238818,0.286703484,2.25E-20,38.8
1,1000,32,1.038686434,1.94E-36,0.310770664,0.306642314,0.288730717,1.18E-20,36.68
1,1000,33,1.040556257,1.94E-35,0.647072693,0.068065682,0.302269652,1.42E-22,41.24
1,1000,34,1.033713855,6.29E-36,1.026441817,0.039094273,0.318839141,4.59E-25,36.11
1,1000,35,1.025545323,6.44E-41,1.029414058,0.005863072,0.291378795,5.08E-21,35.39
1,1000,36,1.031514564,8.75E-45,0.882501046,0.011229943,0.384761175,1.24E-36,43.3
1,1000,37,1.035994194,5.08E-38,1.274799238,0.001039875,0.393467628,2.26E-38,34.7
1,1000,38,1.041148373,5.34E-36,1.187656401,0.002212064,0.290525803,6.67E-21,38.7
1,1000,39,1.037664802,1.89E-35,1.460900418,0.001183222,0.312149084,4.87E-24,31.08
1,1000,40,1.048939858,4.10E-38,0.7897604,0.00762477,0.333188718,2.37E-27,35.22
1,1000,41,1.033267157,3.10E-44,0.490684099,0.112765276,0.309973955,1.03E-23,40.53
1,1000,42,1.019545416,1.66E-46,1.759348215,0.000140463,0.339150292,2.44E-28,37.41
1,1000,43,1.045005938,5.96E-38,1.244783691,0.001205251,0.36141059,3.22E-32,33.39
1,1000,44,1.036618628,8.18E-41,1.476328535,3.36E-05,0.336374708,7.08E-28,32.64
1,1000,45,1.043592547,2.04E-39,1.214582943,0.02304501,0.37041033,7.06E-34,37.22
1,1000,46,1.037196789,6.83E-43,1.358544038,0.000757003,0.335019498,1.19E-27,32.87
1,1000,47,1.026040741,2.88E-39,1.208833444,0.002372625,0.312841604,3.82E-24,29.33
1,1000,48,1.035382615,1.14E-42,1.308326236,2.54E-05,0.323823598,7.61E-26,38.62
1,1000,49,1.025539919,1.03E-43,0.919633343,0.056612123,0.368383429,1.69E-33,37.94
1,1000,50,1.021250105,6.07E-36,1.177560183,0.001231793,0.297218559,7.62E-22,39.39
1,2000,1,1.046852439,1.50E-37,1.50168672,0.001727323,0.340018439,1.75E-28,47.02
1,2000,2,1.04333732,9.42E-43,1.035245048,0.018488097,0.358696399,9.94E-32,40.08
1,2000,3,1.035139188,5.99E-40,1.702759486,2.57E-06,0.31453022,2.12E-24,35.18
1,2000,4,1.053038396,1.25E-37,1.370984847,2.89E-05,0.327148831,2.25E-26,43.5
1,2000,5,1.039053621,1.49E-38,1.370650179,5.26E-06,0.326668507,2.69E-26,47.22
1,2000,6,1.040939796,9.60E-41,1.456819778,0.000280989,0.304590008,6.52E-23,58.16
1,2000,7,1.027985768,3.82E-46,1.316648573,0.002319329,0.399728568,1.17E-39,46.31
1,2000,8,1.030131538,3.51E-43,1.424923073,4.65E-07,0.313705372,2.83E-24,33.38
1,2000,9,1.050259257,4.91E-41,1.440687955,2.90E-05,0.322370519,1.29E-25,47.51
1,2000,10,1.031459931,7.54E-38,1.473573983,1.76E-07,0.302668052,1.25E-22,39.22
1,2000,11,1.033962666,1.01E-41,1.658509647,0.000163753,0.323495856,8.58E-26,41.22
1,2000,12,1.034571569,9.74E-42,1.306535427,0.003085694,0.341260608,1.08E-28,42.55
1,2000,13,1.034226217,8.47E-41,1.336769732,0.00021143,0.353502531,8.35E-31,48.7
1,2000,14,1.04201704,1.28E-37,1.286083222,7.91E-06,0.373388711,1.94E-34,40.08
1,2000,15,1.034964511,1.56E-42,1.525595527,0.002599394,0.388951474,1.83E-37,46.98
1,2000,16,1.042582052,5.83E-41,1.361517283,0.000255705,0.323719355,7.91E-26,48.88
1,2000,17,1.040439476,4.57E-40,1.32640462,0.007647297,0.352683472,1.16E-30,39.89
1,2000,18,1.033400204,2.29E-39,1.638512897,7.79E-05,0.347562841,9.08E-30,32.58
1,2000,19,1.044168228,9.18E-35,1.492311829,0.004413969,0.362499526,2.04E-32,39.2
1,2000,20,1.035251478,1.23E-38,1.301748599,0.000278866,0.351312703,2.02E-30,35.06
1,2000,21,1.044850767,7.08E-36,1.550752742,0.000290475,0.345642432,1.94E-29,49.5
1,2000,22,1.02999633,1.06E-39,1.644149555,4.62E-05,0.35365879,7.84E-31,48.69
1,2000,23,1.035400658,1.65E-36,1.524363357,8.07E-05,0.316586125,1.02E-24,45.26
1,2000,24,1.048542491,9.19E-43,1.231043021,0.00154555,0.347353996,9.86E-30,51.13
1,2000,25,1.027300656,8.89E-37,1.414884844,0.002177651,0.363875613,1.14E-32,41.37
1,2000,26,1.034695306,7.73E-40,1.458486667,0.000743154,0.400273866,9.05E-40,51.08
1,2000,27,1.033892035,1.45E-45,1.585711475,0.000539751,0.364453264,8.97E-33,39.52
1,2000,28,1.038004045,2.89E-44,1.328681432,0.000393807,0.35884499,9.35E-32,44.19
1,2000,29,1.048128962,1.79E-36,1.511255562,0.00166283,0.307984426,2.05E-23,45.65
1,2000,30,1.022326756,3.85E-41,1.360068476,0.000269981,0.358157914,1.24E-31,46.86
1,2000,31,1.035083051,1.32E-38,1.238851757,0.001615424,0.373372774,1.96E-34,58.31
1,2000,32,1.041376374,1.90E-36,0.522401918,0.1493068,0.327663031,1.86E-26,50.52
1,2000,33,1.032265188,4.84E-35,1.338458302,0.000152067,0.329621976,9.01E-27,41.16
1,2000,34,1.031345888,1.53E-34,1.714678477,0.000103291,0.37126668,4.88E-34,43.14
1,2000,35,1.034635181,1.60E-44,1.617373225,3.75E-05,0.328007563,1.64E-26,35.31
1,2000,36,1.042937495,1.60E-41,1.149915752,0.003025408,0.380249326,9.44E-36,44.58
1,2000,37,1.045631877,5.45E-37,1.303125037,0.006633745,0.430978811,1.72E-46,45.53
1,2000,38,1.040206791,1.46E-37,1.479167482,0.000879367,0.301928721,1.60E-22,48.94
1,2000,39,1.031194967,3.46E-35,1.234743825,0.002707549,0.307308681,2.59E-23,37.03
1,2000,40,1.042319753,8.65E-39,1.045497518,0.013109443,0.311109236,6.99E-24,42.2
1,2000,41,1.042506785,2.86E-38,1.912805725,3.95E-07,0.350972656,2.32E-30,48.06
1,2000,42,1.021965349,2.69E-38,1.306937441,0.000559889,0.332828839,2.71E-27,45.81
1,2000,43,1.039712498,3.18E-42,1.640324345,1.63E-05,0.341103119,1.15E-28,41.91
1,2000,44,1.040879707,2.54E-39,1.738207019,1.49E-08,0.36608427,4.50E-33,43.27
1,2000,45,1.028627809,4.10E-38,1.49084071,1.36E-07,0.310144691,9.76E-24,38.15
1,2000,46,1.023765969,6.72E-40,1.538701044,0.000787393,0.315105081,1.73E-24,43.36
1,2000,47,1.043800176,1.38E-36,1.450247474,0.000529216,0.332320308,3.28E-27,37.85
1,2000,48,1.041176791,1.82E-43,1.289243022,1.33E-05,0.34187077,8.51E-29,45.57
1,2000,49,1.02757414,3.52E-42,1.411949777,0.000723394,0.354147485,6.43E-31,46.16
1,2000,50,1.028286131,2.10E-35,1.580478149,0.000178494,0.360619736,4.48E-32,49.31
1,5000,1,1.042379292,1.62E-35,1.794530738,2.71E-05,0.360799369,4.15E-32,75.03
1,5000,2,1.035798791,3.27E-43,1.539787335,5.66E-05,0.368282757,1.76E-33,59.14
1,5000,3,1.030373124,3.28E-39,1.651194234,0.000134268,0.378102714,2.45E-35,50.13
1,5000,4,1.042675314,1.54E-38,1.633836681,2.96E-05,0.377868835,2.72E-35,62.19
1,5000,5,1.037793059,7.79E-40,1.321244988,0.006187989,0.420298209,4.50E-44,80.54
1,5000,6,1.043300794,2.36E-37,1.528826487,0.00053216,0.39195618,4.56E-38,99.32
1,5000,7,1.033301257,1.16E-45,1.730798776,0.000149225,0.422975816,1.14E-44,65.61
1,5000,8,1.029780295,1.03E-39,1.454415949,1.20E-06,0.311647992,5.79E-24,40.96
1,5000,9,1.038463755,1.45E-37,1.385053485,0.000242652,0.344284403,3.31E-29,69.6
1,5000,10,1.033057957,2.15E-37,1.6764331,3.77E-06,0.343376577,4.73E-29,59.15
1,5000,11,1.036514733,9.95E-38,1.701310251,9.96E-05,0.360365978,4.97E-32,61.65
1,5000,12,1.033759932,5.77E-36,1.21159439,0.011904498,0.385338081,9.55E-37,69.26
1,5000,13,1.04001358,3.50E-39,1.896613329,5.09E-05,0.366852325,3.24E-33,75.59
1,5000,14,1.032670333,8.71E-39,1.813907697,2.16E-09,0.361324787,3.34E-32,64.65
1,5000,15,1.032031015,1.04E-36,1.353405465,0.009030673,0.393117729,2.66E-38,82.87
1,5000,16,1.031685115,2.93E-41,1.559681818,0.000403809,0.393212106,2.54E-38,82.19
1,5000,17,1.036756466,3.86E-39,1.526959231,0.002091778,0.380540719,8.28E-36,63.62
1,5000,18,1.025366498,1.49E-41,1.564509339,1.21E-05,0.331475476,4.51E-27,47.47
1,5000,19,1.037600806,4.51E-35,1.666936577,0.000967265,0.358591283,1.04E-31,61.38
1,5000,20,1.027038356,1.68E-38,1.724928382,5.86E-06,0.373526417,1.83E-34,51.95
1,5000,21,1.041790017,8.37E-36,1.539444763,0.00044264,0.390466919,9.10E-38,79.14
1,5000,22,1.030896287,1.04E-39,1.607849647,0.003587052,0.418879912,9.28E-44,71.28
1,5000,23,1.032125408,1.19E-34,1.592394768,3.66E-05,0.343887,3.87E-29,62.95
1,5000,24,1.035979212,8.26E-41,1.516495171,0.001608865,0.382385552,3.62E-36,78.16
1,5000,25,1.036707621,2.59E-39,1.620020884,7.69E-05,0.395384553,9.19E-39,61.72
1,5000,26,1.038878284,3.14E-40,1.094969102,0.01001441,0.423245003,9.88E-45,83.84
1,5000,27,1.035483473,2.35E-37,1.779235068,2.20E-05,0.370168515,7.84E-34,57.89
1,5000,28,1.036460552,1.18E-38,1.290900583,0.000146897,0.363408257,1.39E-32,66.99
1,5000,29,1.040026134,9.78E-36,1.256198688,0.001375297,0.370645354,6.38E-34,71.75
1,5000,30,1.029678067,1.31E-39,1.760151032,1.07E-07,0.35442891,5.73E-31,75.78
1,5000,31,1.032746531,5.19E-36,1.181749435,0.008809063,0.36416875,1.01E-32,77.62
1,5000,32,1.03086769,1.54E-39,1.221137619,0.001864891,0.38990997,1.18E-37,83.21
1,5000,33,1.045617397,5.80E-37,0.789845227,0.038788554,0.351954896,1.56E-30,91.08
1,5000,34,1.039213947,5.97E-39,1.345299161,0.006514265,0.360772265,4.20E-32,62.5
1,5000,35,1.037488996,1.28E-40,1.576884498,0.000108269,0.356263094,2.71E-31,52.96
1,5000,36,1.046369361,8.49E-41,1.405715009,0.004227461,0.388355318,2.41E-37,72.75
1,5000,37,1.043221782,2.00E-37,1.719922647,0.000657326,0.385859559,7.53E-37,68.55
1,5000,38,1.044296069,2.35E-38,1.660085921,3.54E-05,0.337225622,5.11E-28,69.22
1,5000,39,1.039903893,7.20E-39,1.646006058,6.33E-07,0.333287251,2.28E-27,53.95
1,5000,40,1.045797491,3.17E-38,1.479314647,2.24E-05,0.341835304,8.63E-29,65.68
1,5000,41,1.03488341,3.77E-37,1.502398978,0.000132631,0.377946653,2.63E-35,72.4
1,5000,42,1.022393652,8.30E-39,1.93116003,1.45E-05,0.390163353,1.05E-37,59.2
1,5000,43,1.043069319,6.01E-38,1.785948989,5.34E-06,0.360941217,3.91E-32,67.9
1,5000,44,1.038575554,5.04E-39,1.447253673,0.000324693,0.367372807,2.60E-33,63.51
1,5000,45,1.034934483,8.83E-40,1.682588283,0.000213398,0.392951545,2.87E-38,68.7
1,5000,46,1.029621595,9.09E-42,1.522823769,1.70E-05,0.340035065,1.74E-28,57.97
1,5000,47,1.03576195,2.52E-37,1.632601625,0.000207187,0.347337324,9.93E-30,53.22
1,5000,48,1.028997461,4.76E-43,1.511150903,1.68E-05,0.359413867,7.39E-32,60.58
1,5000,49,1.035255151,1.79E-44,1.61605355,6.06E-05,0.368782479,1.42E-33,60.5
1,5000,50,1.036538902,9.07E-37,1.671811939,2.96E-06,0.366242055,4.21E-33,62.27
1,10000,1,1.038888368,4.00E-36,1.764781151,9.38E-05,0.364045108,1.07E-32,120.25
1,10000,2,1.038188425,1.44E-41,1.4010645,0.000144606,0.390935024,7.33E-38,82.62
1,10000,3,1.029199289,5.75E-39,1.815925512,2.45E-05,0.372143908,3.34E-34,75.08
1,10000,4,1.035667218,2.42E-41,1.48135702,8.02E-05,0.375632658,7.28E-35,104.01
1,10000,5,1.0457538,1.22E-36,1.753286743,1.33E-06,0.354790893,4.94E-31,114.72
1,10000,6,1.043762995,3.36E-39,1.857631958,7.24E-06,0.38850378,2.25E-37,153.58
1,10000,7,1.033303287,5.77E-47,1.444450112,0.0015663,0.417537986,1.84E-43,97.2
1,10000,8,1.0314213,6.46E-40,1.648364976,2.26E-06,0.316508906,1.05E-24,55.08
1,10000,9,1.038585561,4.42E-40,1.51792308,0.000158217,0.399197605,1.51E-39,94.85
1,10000,10,1.033625988,1.98E-38,1.855340474,7.66E-07,0.34696625,1.15E-29,81.43
1,10000,11,1.042109182,2.62E-37,1.591278941,0.000193599,0.365419615,5.96E-33,85.58
1,10000,12,1.038206098,2.47E-38,1.340412407,0.005243543,0.372217329,3.23E-34,102.22
1,10000,13,1.037818028,1.56E-41,1.455869253,0.000151473,0.375831535,6.67E-35,114.89
1,10000,14,1.039006811,8.29E-37,1.64792006,3.71E-05,0.366478385,3.80E-33,93.17
1,10000,15,1.041970253,2.26E-38,1.548736921,0.000568638,0.397047318,4.20E-39,152.44
1,10000,16,1.031843483,2.99E-40,1.501182152,4.92E-06,0.334730887,1.32E-27,78.72
1,10000,17,1.039052645,4.90E-36,1.580797085,0.002591001,0.383651293,2.05E-36,95.64
1,10000,18,1.029557642,4.54E-42,1.488720912,0.000486265,0.368301219,1.75E-33,74.77
1,10000,19,1.036414728,9.45E-36,1.719219879,0.000259216,0.35309684,9.85E-31,84.09
1,10000,20,1.033185282,3.01E-40,1.505494323,1.35E-05,0.386122853,6.68E-37,81.56
1,10000,21,1.046059557,8.24E-35,1.797284484,0.000627476,0.396112352,6.52E-39,121.03
1,10000,22,1.034554159,3.04E-36,1.622542395,0.00028232,0.38960369,1.36E-37,106.47
1,10000,23,1.035924934,1.79E-38,1.78090307,5.76E-07,0.338443767,3.20E-28,91.47
1,10000,24,1.033610429,4.91E-40,1.597415822,6.06E-05,0.390993065,7.13E-38,109.91
1,10000,25,1.033966401,1.47E-40,1.501710276,0.000129571,0.38008484,1.02E-35,88.7
1,10000,26,1.041569487,3.19E-41,1.825133844,2.18E-05,0.410102844,7.60E-42,124.3
1,10000,27,1.034384893,2.34E-39,1.694814677,9.30E-05,0.37735162,3.42E-35,80.01
1,10000,28,1.035310215,1.13E-39,1.555368115,1.68E-06,0.357176811,1.86E-31,91.21
1,10000,29,1.040882933,1.35E-37,1.459052424,1.87E-05,0.356478323,2.48E-31,116.67
1,10000,30,1.032957101,1.21E-38,1.749857921,8.05E-06,0.367054306,2.98E-33,110.56
1,10000,31,1.036059337,2.03E-36,1.499823136,0.001196438,0.373841326,1.60E-34,108.28
1,10000,32,1.041786234,1.86E-37,1.659567573,0.000116254,0.399400086,1.37E-39,120.66
1,10000,33,1.044165872,8.32E-37,1.646185781,4.15E-05,0.352589133,1.21E-30,84.28
1,10000,34,1.045933461,6.23E-37,1.70920446,0.000131152,0.385380689,9.36E-37,103.11
1,10000,35,1.039673101,3.32E-40,1.489099939,0.000105632,0.355249987,4.10E-31,84.94
1,10000,36,1.040603387,1.27E-40,1.51763778,0.00039605,0.423635284,8.08E-45,123.15
1,10000,37,1.037852102,5.48E-38,1.397053954,0.000625807,0.42405194,6.51E-45,115.1
1,10000,38,1.041586865,5.97E-37,1.565713851,0.000203631,0.343746424,4.09E-29,108.6
1,10000,39,1.030957524,1.51E-37,1.3760203,7.58E-05,0.363122029,1.57E-32,104.8
1,10000,40,1.039509226,1.68E-36,1.798926181,7.00E-05,0.360984931,3.84E-32,98.22
1,10000,41,1.03907674,9.05E-38,1.425124667,0.000438292,0.371402195,4.60E-34,123.81
1,10000,42,1.026727888,3.94E-39,1.881093982,6.69E-06,0.379452886,1.35E-35,88.53
1,10000,43,1.034331363,3.58E-39,1.761813586,4.04E-07,0.37158826,4.25E-34,95.41
1,10000,44,1.044112476,1.60E-38,1.33343214,7.82E-05,0.363985623,1.09E-32,103.97
1,10000,45,1.038342957,1.19E-41,1.896721621,1.20E-08,0.330608923,6.24E-27,70.11
1,10000,46,1.024905948,8.32E-41,1.672962537,8.56E-06,0.351730233,1.71E-30,100.36
1,10000,47,1.043926393,3.52E-35,1.907048665,3.77E-06,0.364537317,8.66E-33,79.47
1,10000,48,1.034986891,4.97E-41,1.679539858,5.22E-07,0.36239848,2.13E-32,91.82
1,10000,49,1.031915737,6.54E-41,1.565099294,0.000234014,0.374428109,1.23E-34,101.05
1,10000,50,1.035980314,2.02E-40,2.027791547,1.82E-06,0.366074346,4.52E-33,102.36
2,1000,1,1.041643044,5.00E-37,1.322866342,0.000219799,0.380967075,6.85E-36,69.86
2,1000,2,1.050097403,2.84E-40,1.396117549,0.00059864,0.354798145,4.93E-31,71.88
2,1000,3,1.035043496,1.85E-43,1.864681987,5.88E-06,0.360349632,5.01E-32,60.81
2,1000,4,1.040041591,3.97E-36,1.38434587,1.39E-05,0.341662483,9.23E-29,76.15
2,1000,5,1.066499242,4.79E-42,1.325334104,2.17E-05,0.356278005,2.69E-31,82.16
2,1000,6,1.024287605,1.34E-32,1.265391448,0.001468665,0.343542044,4.43E-29,97.66
2,1000,7,1.024753001,1.33E-48,1.664104897,2.30E-06,0.35954303,7.00E-32,66.59
2,1000,8,1.020994551,4.85E-48,1.658605532,2.64E-05,0.314303904,2.29E-24,69.34
2,1000,9,1.124321121,2.31E-39,1.718037171,4.64E-05,0.333438042,2.16E-27,71.04
2,1000,10,1.004064704,1.05E-39,1.535701456,0.000858854,0.305880393,4.21E-23,74.57
2,1000,11,1.050825676,2.26E-35,0.833417306,0.056804017,0.320191349,2.83E-25,75.53
2,1000,12,1.042826665,4.49E-36,1.89459276,0.000218193,0.381048261,6.60E-36,65.39
2,1000,13,1.040178326,7.22E-41,1.279236844,0.000875573,0.328630407,1.30E-26,74.25
2,1000,14,1.040830934,1.14E-37,1.373576269,0.000786536,0.364288765,9.62E-33,62.75
2,1000,15,1.061892975,5.78E-40,2.194904626,8.98E-06,0.384741662,1.25E-36,77.06
2,1000,16,0.996454005,7.05E-37,1.49049408,0.000281353,0.348908889,5.31E-30,69.53
2,1000,17,1.050959289,5.15E-41,1.24903965,0.001611787,0.360227967,5.27E-32,77.94
2,1000,18,1.036917178,2.04E-41,1.448096657,0.000401255,0.338857269,2.73E-28,62.64
2,1000,19,1.015603775,9.58E-37,0.901470646,0.016204373,0.324573843,5.79E-26,66.46
2,1000,20,1.016961549,1.99E-37,1.252260133,1.24E-05,0.363963641,1.10E-32,71.14
2,1000,21,1.036333479,5.05E-36,1.720771503,3.04E-06,0.357757494,1.47E-31,74.23
2,1000,22,1.048332377,2.97E-42,1.144187097,0.003144919,0.345458532,2.09E-29,80.31
2,1000,23,1.028075723,2.78E-37,1.460372112,0.000186532,0.311213797,6.74E-24,73.35
2,1000,24,1.027997595,2.54E-41,1.807115931,0.000199018,0.33366275,1.98E-27,81.89
2,1000,25,1.082134761,1.96E-41,1.351299311,0.000583026,0.314828645,1.90E-24,64.56
2,1000,26,1.023350709,3.91E-39,1.362265217,9.89E-05,0.368963052,1.32E-33,73.86
2,1000,27,1.026622968,3.74E-35,1.556534206,4.67E-06,0.322643226,1.17E-25,70.45
2,1000,28,1.022936227,3.87E-38,1.6394035,1.60E-05,0.370254038,7.56E-34,70.96
2,1000,29,1.060586633,2.62E-33,1.257395137,0.002489266,0.323535346,8.45E-26,72.95
2,1000,30,1.019859192,3.03E-35,1.021645362,0.001201149,0.319561837,3.55E-25,69.47
2,1000,31,1.030676767,1.39E-36,1.363320659,0.0027539,0.34782375,8.18E-30,70.56
2,1000,32,1.098229785,1.27E-35,1.0895564,0.020370657,0.343008101,5.46E-29,62.95
2,1000,33,1.034265493,2.09E-34,1.184465076,0.008388827,0.340558441,1.42E-28,70.18
2,1000,34,1.04163242,1.24E-35,1.267294625,0.021759682,0.333004884,2.54E-27,66.51
2,1000,35,1.025608166,1.51E-39,1.436367671,0.000592792,0.330179204,7.32E-27,67.58
2,1000,36,1.024263714,3.23E-44,1.178172786,0.003009855,0.367555344,2.40E-33,75.14
2,1000,37,1.036203093,1.67E-37,1.627778054,0.000227376,0.37091814,5.67E-34,64.03
2,1000,38,1.068309179,1.30E-35,1.487269295,0.001651135,0.354347459,5.92E-31,77.84
2,1000,39,1.03595824,4.25E-35,1.852149403,0.000264464,0.331608716,4.29E-27,61.33
2,1000,40,1.057564355,6.00E-37,1.28259585,0.000212869,0.356948403,2.04E-31,70.44
2,1000,41,1.052778401,3.61E-44,1.378686454,0.000342832,0.343294262,4.88E-29,80.83
2,1000,42,1.012046051,3.22E-47,1.605970543,0.00014485,0.323439901,8.75E-26,70.34
2,1000,43,1.039093245,2.30E-37,1.527212377,0.000929476,0.375854526,6.61E-35,70.89
2,1000,44,1.026490618,6.07E-42,1.390157451,0.000140112,0.372165776,3.31E-34,75.05
2,1000,45,1.039231976,2.19E-39,1.281784006,0.008600141,0.352526757,1.24E-30,67.33
2,1000,46,1.042655658,2.05E-42,1.412765412,0.000694128,0.351588987,1.81E-30,67.33
2,1000,47,1.028692273,8.76E-39,1.50706618,0.000699173,0.34782305,8.18E-30,62.84
2,1000,48,1.043415135,1.58E-43,1.567449213,3.54E-05,0.346787287,1.23E-29,77.83
2,1000,49,1.030488925,1.35E-43,0.929706545,0.009523015,0.356440757,2.52E-31,74.79
2,1000,50,1.01979666,5.57E-37,1.36771702,0.000165475,0.295373213,1.39E-21,77.75
2,2000,1,1.052899499,9.61E-37,1.642148226,0.002345888,0.353452523,8.52E-31,89.18
2,2000,2,1.035009682,3.93E-42,1.32497187,0.000364696,0.359744358,6.44E-32,86.32
2,2000,3,1.03758348,2.19E-39,1.939752806,2.81E-07,0.336802237,6.01E-28,75.29
2,2000,4,1.0603341,1.31E-36,1.668875616,4.42E-07,0.367000757,3.05E-33,99.87
2,2000,5,1.061890392,1.03E-38,1.465468827,2.30E-06,0.345355683,2.17E-29,97.67
2,2000,6,1.047303232,6.44E-41,1.667084593,1.55E-05,0.353153941,9.62E-31,108.85
2,2000,7,1.025647781,2.86E-47,1.267089534,0.000794771,0.354319467,5.99E-31,76.84
2,2000,8,1.026969125,2.76E-41,1.675492268,1.90E-06,0.326080688,3.34E-26,78.83
2,2000,9,1.122497667,8.13E-40,1.562186604,0.000125895,0.329437933,9.65E-27,80.22
2,2000,10,1.010599898,1.30E-37,1.403842054,0.000110583,0.336859347,5.88E-28,96.48
2,2000,11,1.033528711,1.87E-40,1.652277624,0.00010255,0.334933602,1.22E-27,91.78
2,2000,12,1.038131087,9.14E-41,1.390242881,0.008706227,0.358692332,9.96E-32,83.36
2,2000,13,1.035635301,8.39E-41,1.588977195,6.25E-06,0.373273582,2.04E-34,97.41
2,2000,14,1.035267554,1.99E-37,1.514583858,1.60E-06,0.356966064,2.03E-31,83.75
2,2000,15,1.033605035,3.03E-42,1.531496794,0.000811717,0.380908843,7.03E-36,100.23
2,2000,16,1.020216325,1.56E-40,1.650152346,0.000121778,0.360905025,3.97E-32,90.66
2,2000,17,1.051420906,1.42E-40,1.307518067,0.011993099,0.384770708,1.23E-36,93.42
2,2000,18,1.046468188,2.06E-39,1.609702412,2.46E-06,0.337592613,4.44E-28,71.08
2,2000,19,1.040344837,1.91E-35,1.490257565,0.002647107,0.380634041,7.95E-36,79.11
2,2000,20,1.017828613,8.18E-39,1.468878675,2.18E-05,0.330925963,5.54E-27,79.7
2,2000,21,1.037733876,1.05E-36,1.484632754,3.15E-05,0.360286635,5.14E-32,85.36
2,2000,22,1.045572136,3.55E-40,1.576688531,0.000184642,0.376235634,5.59E-35,104.27
2,2000,23,1.042714597,3.31E-36,1.669778664,5.37E-05,0.327240418,2.18E-26,87.39
2,2000,24,1.048598,2.27E-42,1.272497423,0.002992523,0.37537452,8.16E-35,109.01
2,2000,25,1.029761162,1.41E-36,1.505661062,0.001431586,0.371973234,3.59E-34,78.94
2,2000,26,1.013269942,2.01E-39,1.518677998,0.001774209,0.400315982,8.87E-40,98.55
2,2000,27,1.038204241,1.07E-45,1.643906207,0.000237289,0.371254762,4.91E-34,85.56
2,2000,28,1.032376092,6.54E-44,1.636078477,1.11E-05,0.360453938,4.80E-32,82.41
2,2000,29,1.060246402,3.86E-36,1.634236272,0.001233752,0.34191536,8.37E-29,91.26
2,2000,30,1.005993867,4.71E-41,1.236008673,0.00037874,0.348094631,7.35E-30,88.08
2,2000,31,1.020008458,1.80E-36,1.553260332,0.00138964,0.354842164,4.84E-31,89.94
2,2000,32,1.1180891,1.58E-35,1.181081638,0.011245175,0.372096426,3.41E-34,81.81
2,2000,33,1.035389224,4.91E-35,1.579148531,2.21E-05,0.338282811,3.41E-28,78.78
2,2000,34,1.035570649,2.37E-34,1.809908513,4.37E-05,0.364453451,8.97E-33,85.33
2,2000,35,1.025550568,2.28E-44,1.68294557,4.21E-06,0.338821288,2.77E-28,88.97
2,2000,36,1.042807708,2.92E-41,1.652646964,3.84E-05,0.388875839,1.90E-37,91.09
2,2000,37,1.041753322,1.87E-37,1.43103009,0.001438988,0.398105351,2.54E-39,85.95
2,2000,38,1.047899114,9.45E-39,1.647889022,6.53E-05,0.335028686,1.18E-27,88.22
2,2000,39,1.037995491,5.12E-35,1.516167177,0.000297292,0.335311272,1.06E-27,68.71
2,2000,40,1.032756607,5.44E-38,1.329317019,0.002377296,0.344284932,3.31E-29,82.11
2,2000,41,1.040415164,8.77E-39,2.006699409,9.34E-07,0.364700442,8.08E-33,97.04
2,2000,42,1.015426989,2.15E-38,1.577336576,0.000266487,0.359156123,8.22E-32,85.27
2,2000,43,1.041722018,1.07E-41,2.037706518,9.39E-08,0.378700222,1.88E-35,82.98
2,2000,44,1.050213922,2.96E-40,1.759720457,1.67E-07,0.368560094,1.56E-33,86.05
2,2000,45,1.043581837,8.72E-38,1.795320828,1.27E-07,0.326417407,2.95E-26,68.75
2,2000,46,1.017787617,6.13E-40,1.534760224,0.000470583,0.334852118,1.26E-27,82.09
2,2000,47,1.063379913,1.76E-36,1.585110828,0.000407534,0.351949102,1.57E-30,78.35
2,2000,48,1.02573523,2.86E-43,1.496990478,2.71E-06,0.381027773,6.66E-36,98.67
2,2000,49,1.016456273,1.58E-42,1.312731103,0.000238037,0.365908425,4.85E-33,100.25
2,2000,50,1.028648066,2.88E-35,1.667395171,1.42E-05,0.350082941,3.32E-30,94.89
2,5000,1,1.047373976,1.70E-35,1.864374187,0.00011986,0.367169785,2.83E-33,133.05
2,5000,2,1.036069584,1.18E-42,1.503772599,7.13E-05,0.372288034,3.14E-34,115.14
2,5000,3,1.029576972,3.25E-39,1.672951678,7.74E-06,0.360296131,5.12E-32,100.95
2,5000,4,1.043377378,7.93E-38,1.769822623,0.000108833,0.389437362,1.46E-37,137.64
2,5000,5,1.050269203,5.36E-39,1.704559412,2.93E-05,0.395697558,7.93E-39,153.92
2,5000,6,1.028661544,2.81E-37,1.763392092,0.000196199,0.397975971,2.70E-39,162.78
2,5000,7,1.021260985,2.47E-46,1.598340789,8.68E-05,0.38157079,5.22E-36,113.97
2,5000,8,1.027267126,2.26E-39,1.614297504,5.68E-06,0.336018771,8.11E-28,109.94
2,5000,9,1.109138245,1.39E-36,1.703948694,4.50E-06,0.35681382,2.16E-31,122.2
2,5000,10,1.017698452,5.38E-37,1.695976212,2.01E-05,0.359655926,6.68E-32,132.25
2,5000,11,1.036194968,1.08E-37,1.792170223,1.13E-05,0.356932581,2.06E-31,126.05
2,5000,12,1.036832743,1.05E-35,1.405393703,0.010370509,0.387496963,3.57E-37,112.69
2,5000,13,1.038883643,1.01E-38,1.963273851,1.75E-05,0.378516108,2.04E-35,131.98
2,5000,14,1.037472666,1.18E-38,1.741868238,7.11E-07,0.365771853,5.13E-33,107.69
2,5000,15,1.037689601,2.67E-36,1.637345566,0.000992404,0.390994952,7.13E-38,129.19
2,5000,16,1.018031871,1.81E-40,1.642080913,5.64E-05,0.387461174,3.63E-37,128.73
2,5000,17,1.055366902,5.45E-39,1.776007803,0.000261392,0.395964971,6.99E-39,148.13
2,5000,18,1.02665475,2.89E-41,1.566075802,3.53E-05,0.340313937,1.56E-28,101.06
2,5000,19,1.030641807,1.13E-35,1.643837945,0.000627495,0.367594824,2.36E-33,109.31
2,5000,20,1.009326628,2.23E-38,1.571187461,1.84E-05,0.368597365,1.54E-33,118.72
2,5000,21,1.04186902,8.52E-36,1.637098715,4.44E-05,0.379270153,1.46E-35,129.97
2,5000,22,1.040771879,1.54E-40,1.532865573,0.001189137,0.412250063,2.62E-42,150.34
2,5000,23,1.03845485,1.71E-34,1.761213422,1.57E-05,0.368101288,1.90E-33,121.17
2,5000,24,1.036899849,2.23E-41,1.425862116,0.001115577,0.39559773,8.31E-39,149.94
2,5000,25,1.053981486,1.06E-39,1.762466717,4.17E-05,0.373115385,2.19E-34,107.64
2,5000,26,1.021683948,5.25E-40,1.324258603,0.001139121,0.412074563,2.86E-42,152.17
2,5000,27,1.028328182,9.75E-38,1.719149077,1.87E-05,0.362802516,1.80E-32,104.35
2,5000,28,1.03975212,3.92E-38,1.470780994,3.48E-05,0.362145529,2.37E-32,128.48
2,5000,29,1.043744487,4.67E-36,1.501627874,0.000177243,0.367943215,2.04E-33,131.13
2,5000,30,1.013081857,4.70E-40,1.726131025,1.29E-06,0.356872001,2.11E-31,129.7
2,5000,31,1.021883275,1.13E-35,1.488537294,0.001014357,0.347042489,1.12E-29,116.36
2,5000,32,1.099671535,4.48E-39,1.689152593,0.00020562,0.399920764,1.07E-39,125.27
2,5000,33,1.042021786,4.39E-36,1.466595099,0.000478675,0.357340266,1.74E-31,122.45
2,5000,34,1.035405623,1.84E-38,1.584653671,0.002346684,0.371352877,4.70E-34,108.36
2,5000,35,1.023556803,8.46E-41,1.631159975,4.59E-06,0.355808599,3.26E-31,111.58
2,5000,36,1.043814823,1.07E-40,1.709811356,7.22E-05,0.37518927,8.85E-35,131.06
2,5000,37,1.034838334,1.14E-37,1.706667136,0.000480883,0.37879302,1.80E-35,122.73
2,5000,38,1.058120166,8.21E-39,1.787772502,2.96E-06,0.351222965,2.10E-30,138.6
2,5000,39,1.031909194,1.56E-37,1.779661682,1.81E-06,0.347838698,8.13E-30,91.58
2,5000,40,1.048132424,2.76E-37,1.546337541,1.54E-05,0.357799535,1.44E-31,120.62
2,5000,41,1.033909746,2.27E-37,1.608199165,9.65E-05,0.388935244,1.84E-37,156.78
2,5000,42,1.012810115,2.70E-39,1.63447993,3.71E-05,0.378322375,2.22E-35,130.53
2,5000,43,1.044665555,1.15E-37,2.00288097,1.09E-06,0.391227436,6.40E-38,129.24
2,5000,44,1.047536562,3.61E-39,1.571445586,0.000393039,0.363585312,1.29E-32,133.83
2,5000,45,1.035255372,7.27E-40,1.860429655,1.10E-05,0.371972514,3.60E-34,109.64
2,5000,46,1.015737269,1.77E-40,1.622234079,4.94E-05,0.358469287,1.09E-31,123.21
2,5000,47,1.056119704,2.02E-37,1.734985454,4.59E-05,0.365055381,6.96E-33,118.5
2,5000,48,1.043145735,2.28E-42,1.602613206,5.29E-06,0.385886277,7.44E-37,148.49
2,5000,49,1.036503511,2.73E-44,1.729783484,9.80E-06,0.37131676,4.78E-34,153.81
2,5000,50,1.02297251,1.03E-36,1.679990027,1.85E-06,0.34833394,6.68E-30,137.41
2,10000,1,1.050728359,5.73E-36,1.706640902,0.00071104,0.3778264,2.77E-35,236.62
2,10000,2,1.036535477,3.00E-41,1.545582041,2.71E-05,0.378632875,1.94E-35,181.5
2,10000,3,1.030441082,1.04E-39,1.714529341,1.68E-05,0.357468435,1.65E-31,155.22
2,10000,4,1.035543311,1.28E-40,1.517186253,0.000137809,0.385707612,8.07E-37,227.08
2,10000,5,1.058255959,4.46E-36,1.802911663,4.59E-06,0.36450444,8.78E-33,228.53
2,10000,6,1.024190479,1.32E-38,1.712264704,6.39E-05,0.388151602,2.64E-37,261.69
2,10000,7,1.024374973,6.31E-47,1.593484933,0.000163481,0.391059943,6.92E-38,186.72
2,10000,8,1.029376426,1.97E-39,1.664422291,6.90E-06,0.340172835,1.65E-28,177.51
2,10000,9,1.106679322,2.85E-39,1.618087156,2.63E-05,0.384076746,1.69E-36,176.89
2,10000,10,1.020632708,6.16E-39,1.811759058,2.16E-06,0.358438024,1.11E-31,207.52
2,10000,11,1.032867049,2.07E-37,1.697641626,1.65E-05,0.360442714,4.82E-32,199.3
2,10000,12,1.041676246,5.86E-38,1.482504214,0.003211146,0.387266273,3.96E-37,199.25
2,10000,13,1.035418286,8.59E-42,1.50616859,4.30E-05,0.381617763,5.12E-36,218.64
2,10000,14,1.041371843,2.16E-37,1.567838515,8.60E-05,0.373793718,1.63E-34,164.93
2,10000,15,1.042385453,1.08E-38,1.615677826,0.000149581,0.392026731,4.42E-38,242.91
2,10000,16,1.030771227,5.05E-40,1.660426276,2.29E-05,0.365636765,5.44E-33,153.25
2,10000,17,1.055050046,4.26E-36,1.75502401,0.000424961,0.393586138,2.14E-38,230.21
2,10000,18,1.02871488,5.33E-42,1.602071796,0.000155433,0.37368239,1.71E-34,170.21
2,10000,19,1.037369273,4.06E-36,1.785009833,5.84E-05,0.369117256,1.23E-33,186.22
2,10000,20,1.015294312,2.58E-40,1.488365526,1.71E-05,0.368675402,1.49E-33,185.14
2,10000,21,1.039867285,2.19E-35,1.728227971,4.69E-05,0.382025219,4.26E-36,204.59
2,10000,22,1.048915499,7.84E-37,1.643432502,7.37E-05,0.385570746,8.59E-37,262.75
2,10000,23,1.061654973,3.20E-38,1.884092153,5.52E-07,0.352906106,1.06E-30,191.42
2,10000,24,1.034791846,2.09E-40,1.579211068,3.74E-05,0.37648299,5.01E-35,197.86
2,10000,25,1.048183118,5.08E-41,1.452181985,0.000212938,0.368915999,1.34E-33,177.94
2,10000,26,1.021842256,6.31E-41,1.742065171,4.04E-05,0.404051755,1.47E-40,227.72
2,10000,27,1.031569639,2.89E-39,1.739075057,2.23E-05,0.382757543,3.07E-36,213.31
2,10000,28,1.034801351,1.55E-39,1.712294281,1.39E-06,0.359874783,6.10E-32,198.78
2,10000,29,1.049492496,3.23E-37,1.699517619,1.53E-05,0.370523637,6.73E-34,205.13
2,10000,30,1.014325912,1.77E-38,1.737805632,1.13E-05,0.351950049,1.57E-30,187.5
2,10000,31,1.018195011,4.67E-37,1.554696891,0.000434487,0.36593274,4.80E-33,184.11
2,10000,32,1.106092157,1.47E-36,1.910789477,8.20E-05,0.401477579,5.08E-40,208.48
2,10000,33,1.046508822,1.10E-36,1.661859446,9.69E-05,0.357514401,1.62E-31,175.55
2,10000,34,1.046712983,2.15E-37,1.709296532,0.000178296,0.368665477,1.50E-33,196.29
2,10000,35,1.029053821,9.38E-40,1.580854009,6.34E-05,0.371076968,5.30E-34,178.61
2,10000,36,1.042273524,4.83E-41,1.415782126,0.000194618,0.38641154,5.86E-37,213.33
2,10000,37,1.031029269,7.59E-38,1.571412011,0.00019295,0.392019457,4.43E-38,210.99
2,10000,38,1.060051099,3.48E-37,1.573918291,0.00013078,0.360875875,4.02E-32,210.09
2,10000,39,1.031219653,1.14E-36,1.617669325,1.89E-05,0.363084752,1.60E-32,180.91
2,10000,40,1.046559029,5.32E-37,1.70630009,0.000116139,0.366205683,4.27E-33,185.14
2,10000,41,1.035961729,8.24E-38,1.516148514,0.000107311,0.373071474,2.23E-34,248.7
2,10000,42,1.024521165,2.87E-39,1.764714154,1.48E-05,0.380378115,8.91E-36,203.63
2,10000,43,1.039913659,1.16E-39,1.893448741,1.23E-07,0.385765371,7.86E-37,193.17
2,10000,44,1.055026143,1.34E-38,1.41993339,0.000140622,0.365508718,5.74E-33,200.89
2,10000,45,1.03905423,9.81E-42,1.833019007,1.56E-08,0.333158155,2.40E-27,130.86
2,10000,46,1.01037668,4.62E-40,1.772604708,2.66E-05,0.362954484,1.69E-32,188.75
2,10000,47,1.05393106,4.80E-36,1.757208622,7.12E-05,0.367175049,2.83E-33,181.65
2,10000,48,1.040001816,1.08E-40,1.6557907,2.60E-05,0.385138239,1.05E-36,220.68
2,10000,49,1.032875587,3.82E-41,1.69058245,5.60E-05,0.387099416,4.28E-37,238.23
2,10000,50,1.021426879,3.22E-40,1.810270763,8.20E-06,0.357175888,1.86E-31,196.95
5,1000,1,1.034913504,2.48E-37,1.348472821,0.000106223,0.363928488,1.12E-32,159.57
5,1000,2,1.037547251,3.24E-39,1.469908119,0.000982968,0.37375169,1.66E-34,194.31
5,1000,3,1.025071533,2.93E-43,1.68024065,4.03E-05,0.372977665,2.32E-34,169.36
5,1000,4,1.05698586,2.76E-35,1.534523898,0.000110592,0.361520817,3.07E-32,173.86
5,1000,5,1.077275734,5.49E-41,1.74228017,1.23E-05,0.352217556,1.41E-30,180.25
5,1000,6,1.003493556,2.74E-33,1.690908581,5.26E-05,0.363121994,1.57E-32,207.97
5,1000,7,1.0166639,5.61E-49,1.598741872,6.30E-06,0.383084873,2.65E-36,188.26
5,1000,8,1.017472917,5.61E-48,1.800881149,2.13E-05,0.351894858,1.60E-30,183.25
5,1000,9,1.063477595,7.72E-40,1.614954389,0.000235944,0.362388627,2.14E-32,186.47
5,1000,10,1.012964733,3.15E-39,1.57819267,0.000611396,0.336969937,5.64E-28,186.09
5,1000,11,1.043976478,7.58E-35,1.568365162,0.000287129,0.350435191,2.88E-30,181.33
5,1000,12,1.048904455,8.16E-36,1.975317168,2.36E-05,0.372782424,2.53E-34,177.42
5,1000,13,1.033405197,2.55E-39,1.700326334,4.79E-06,0.38422964,1.58E-36,195.96
5,1000,14,1.037134245,1.22E-36,1.817888225,0.000130597,0.402398235,3.26E-40,185.34
5,1000,15,1.054630709,8.66E-40,2.008223753,9.01E-07,0.368062915,1.94E-33,174.2
5,1000,16,0.991290369,1.65E-37,1.532574665,3.08E-05,0.353352772,8.88E-31,169.07
5,1000,17,1.05158814,1.68E-40,1.417016213,0.000458566,0.368127635,1.88E-33,158.68
5,1000,18,1.069534915,2.53E-41,1.602260077,0.000128671,0.354214716,6.25E-31,171.03
5,1000,19,1.015661207,1.48E-36,1.411691029,0.001171976,0.364083257,1.05E-32,162.02
5,1000,20,1.016187419,1.50E-37,1.409099371,0.000113027,0.353799349,7.40E-31,182.02
5,1000,21,1.034773661,3.99E-35,1.958303632,3.09E-06,0.363290118,1.46E-32,167
5,1000,22,1.038188232,3.64E-41,1.512418332,9.76E-05,0.34969007,3.88E-30,184.71
5,1000,23,1.014217616,2.36E-37,1.427376364,0.000765714,0.352874272,1.08E-30,176.86
5,1000,24,1.020666071,7.74E-41,1.785847778,0.000334167,0.356097067,2.90E-31,209.07
5,1000,25,1.081277122,2.18E-41,1.469383938,0.000383774,0.357873017,1.40E-31,174.43
5,1000,26,1.006952703,1.61E-38,1.582819276,4.85E-05,0.361507092,3.09E-32,180.89
5,1000,27,1.009411273,1.26E-35,1.511725126,1.18E-05,0.332211275,3.42E-27,172.29
5,1000,28,1.018629689,8.17E-37,1.78173868,4.22E-05,0.401251327,5.66E-40,183.57
5,1000,29,1.056989132,6.72E-34,1.2272905,0.001065821,0.344150881,3.49E-29,168.16
5,1000,30,1.006445646,6.27E-35,1.333083001,0.003027249,0.35862006,1.03E-31,166.34
5,1000,31,1.040892207,1.59E-35,1.680221427,7.55E-05,0.345992873,1.69E-29,176.27
5,1000,32,1.044977445,4.06E-36,1.45841981,0.002241957,0.355309844,4.00E-31,187.75
5,1000,33,1.052686806,1.14E-33,1.505956021,0.001275492,0.375886537,6.51E-35,183.75
5,1000,34,1.034792031,2.89E-35,1.589649141,0.000933925,0.371789302,3.89E-34,182.84
5,1000,35,1.036944747,1.95E-40,1.601178308,2.86E-05,0.351393094,1.96E-30,176.38
5,1000,36,1.035584945,1.94E-42,1.780903428,7.36E-06,0.374625202,1.13E-34,186.89
5,1000,37,1.032596616,5.86E-38,1.71248916,6.51E-06,0.348251208,6.90E-30,172.26
5,1000,38,1.076361059,3.51E-35,1.697456422,2.57E-05,0.348286985,6.80E-30,176.35
5,1000,39,1.037519719,5.33E-35,1.959377018,8.50E-05,0.369145479,1.22E-33,163.89
5,1000,40,1.062241887,3.23E-37,1.713956294,1.23E-05,0.361334559,3.32E-32,175.58
5,1000,41,1.032297929,1.10E-42,1.495702169,0.001074277,0.35926282,7.86E-32,199.48
5,1000,42,1.023417336,2.96E-47,1.738361286,6.54E-05,0.350242923,3.11E-30,189.05
5,1000,43,1.029651296,2.95E-37,1.902008725,0.000111292,0.376197489,5.68E-35,158.98
5,1000,44,1.047683557,4.26E-41,1.814375695,5.74E-07,0.372527529,2.83E-34,177.97
5,1000,45,1.035534272,7.95E-40,1.263253741,0.001262802,0.357844203,1.41E-31,179.7
5,1000,46,1.043165509,8.31E-43,1.485391609,0.000263167,0.355748941,3.34E-31,176.13
5,1000,47,1.03465073,6.66E-38,1.837305208,4.71E-05,0.367145753,2.86E-33,179.87
5,1000,48,1.040642894,7.80E-43,1.884606108,1.05E-06,0.350208116,3.16E-30,173.7
5,1000,49,1.016366381,5.19E-43,1.349290129,0.000166361,0.345292591,2.23E-29,182.64
5,1000,50,1.006611081,5.05E-36,1.638957844,2.28E-05,0.332276852,3.34E-27,197.16
5,2000,1,1.05159129,3.49E-37,1.660750482,0.000330135,0.34418372,3.45E-29,202.61
5,2000,2,1.039560727,9.72E-42,1.39101789,0.000354463,0.368664229,1.50E-33,229.5
5,2000,3,1.039941639,1.27E-39,1.83004222,4.36E-06,0.370230913,7.63E-34,207.8
5,2000,4,1.059316891,3.25E-37,1.587286209,0.000122316,0.381872851,4.56E-36,237.97
5,2000,5,1.069673577,3.43E-39,1.643467708,2.07E-06,0.360812378,4.13E-32,232.26
5,2000,6,1.033957336,3.91E-41,1.82638041,2.94E-06,0.376728884,4.50E-35,232.88
5,2000,7,1.034855841,3.45E-47,1.558336544,4.13E-05,0.373457706,1.89E-34,227.32
5,2000,8,1.0341985,1.55E-40,1.797895717,2.61E-06,0.37330036,2.02E-34,238.83
5,2000,9,1.051802912,4.04E-38,1.696375119,4.58E-05,0.378264143,2.28E-35,221.39
5,2000,10,1.005931224,9.78E-37,1.873712773,1.09E-05,0.360531816,4.64E-32,223.91
5,2000,11,1.033409912,1.42E-40,1.663172085,8.10E-05,0.350660774,2.63E-30,218.19
5,2000,12,1.046496032,1.53E-40,1.645380278,0.000473501,0.370184737,7.79E-34,231.57
5,2000,13,1.036692324,1.92E-41,1.583641587,3.76E-06,0.374129604,1.41E-34,240.69
5,2000,14,1.024826328,4.09E-37,1.555608785,4.01E-05,0.372887709,2.42E-34,226.77
5,2000,15,1.021797396,1.13E-41,1.694169577,5.19E-05,0.37485684,1.02E-34,205.41
5,2000,16,1.015456298,5.81E-41,1.713521911,0.000149598,0.36644264,3.86E-33,212.61
5,2000,17,1.063053372,5.84E-40,1.46460736,0.00098442,0.363140328,1.56E-32,207.8
5,2000,18,1.057734732,2.99E-39,1.608710571,6.05E-07,0.338089011,3.67E-28,205.07
5,2000,19,1.036061267,3.24E-35,1.493811043,0.002006326,0.374262058,1.33E-34,202.27
5,2000,20,1.018164217,5.53E-38,1.642837277,7.09E-05,0.352142223,1.45E-30,215.75
5,2000,21,1.031763159,7.12E-37,1.512031481,0.000447984,0.36229904,2.22E-32,210.92
5,2000,22,1.030310258,4.39E-40,1.571217162,4.19E-05,0.373642373,1.74E-34,229.78
5,2000,23,1.030889934,2.57E-35,1.746315499,6.36E-06,0.325744334,3.77E-26,210.58
5,2000,24,1.035399165,1.19E-42,1.207605069,0.001902052,0.382473159,3.48E-36,256.17
5,2000,25,1.030539974,2.78E-37,1.52683085,0.000254601,0.3575551,1.59E-31,209.88
5,2000,26,0.992724994,2.74E-39,1.665238714,0.000266434,0.371919211,3.68E-34,230.34
5,2000,27,1.031422698,5.45E-45,1.659661702,1.90E-05,0.369267887,1.15E-33,208.16
5,2000,28,1.027124305,1.02E-42,1.788561765,9.33E-06,0.373524793,1.83E-34,218.61
5,2000,29,1.056907107,3.70E-36,1.638369444,0.000264045,0.370337764,7.29E-34,221.76
5,2000,30,1.017534871,9.38E-40,1.526932899,0.000360388,0.377365843,3.39E-35,219
5,2000,31,1.020325787,4.04E-37,1.767835794,4.32E-05,0.373389672,1.94E-34,231.66
5,2000,32,1.06740967,2.39E-35,1.63082465,9.29E-05,0.372566981,2.78E-34,231.51
5,2000,33,1.045192183,2.86E-35,1.615293077,0.000103866,0.367632685,2.33E-33,215.15
5,2000,34,1.034976458,1.93E-35,1.686213833,7.43E-05,0.366363421,3.99E-33,235.28
5,2000,35,1.02445627,6.46E-44,1.91307215,3.72E-07,0.349552145,4.11E-30,222.01
5,2000,36,1.035468598,1.80E-40,1.672422574,0.00030483,0.39542918,9.00E-39,220.1
5,2000,37,1.040751759,1.00E-36,1.561091443,0.000550252,0.374515439,1.19E-34,224.81
5,2000,38,1.060582,8.20E-39,1.806750084,1.38E-05,0.342176733,7.56E-29,236.87
5,2000,39,1.028935121,1.96E-35,1.4606225,0.000360803,0.353778648,7.47E-31,205.8
5,2000,40,1.035961769,5.80E-38,1.472951095,0.000830927,0.359446529,7.29E-32,191.19
5,2000,41,1.032304736,5.19E-39,1.721177801,1.12E-05,0.36226959,2.25E-32,244.89
5,2000,42,1.023325914,8.45E-39,1.661436109,9.93E-05,0.366817525,3.29E-33,233.25
5,2000,43,1.031299057,3.49E-42,1.89799589,9.01E-08,0.371520603,4.37E-34,205.36
5,2000,44,1.054400748,8.87E-40,1.840749447,3.34E-07,0.35813458,1.25E-31,202.65
5,2000,45,1.048385555,9.29E-38,1.665773825,7.01E-07,0.330172062,7.34E-27,209.58
5,2000,46,1.011882332,4.82E-40,1.677188923,0.000142871,0.365098657,6.83E-33,215.41
5,2000,47,1.060049628,8.72E-37,1.746692282,0.000142883,0.368891035,1.36E-33,228.05
5,2000,48,1.013547881,5.42E-43,1.464172417,1.55E-05,0.3659046,4.85E-33,213.09
5,2000,49,1.003742172,1.13E-42,1.54339211,3.55E-05,0.356132606,2.86E-31,224.87
5,2000,50,1.017114582,2.75E-35,1.561068767,0.000107994,0.375485316,7.77E-35,230.02
5,5000,1,1.048033161,1.58E-35,1.851435517,6.67E-05,0.362733038,1.85E-32,290.25
5,5000,2,1.033656913,1.73E-42,1.529351806,0.000180028,0.384639487,1.31E-36,348.78
5,5000,3,1.022782457,3.44E-39,1.737703962,1.50E-05,0.378870809,1.74E-35,324.08
5,5000,4,1.051112564,3.15E-38,1.791197914,8.48E-05,0.385402178,9.27E-37,357.01
5,5000,5,1.050530087,1.74E-39,1.835426286,4.70E-06,0.368628837,1.52E-33,331.43
5,5000,6,1.015464157,4.06E-37,1.726242995,0.000664427,0.406357284,4.79E-41,393.98
5,5000,7,1.028439624,1.43E-46,1.572350367,5.06E-05,0.386909944,4.67E-37,346.24
5,5000,8,1.038203323,3.40E-39,1.59827862,8.34E-05,0.371726442,4.00E-34,346.87
5,5000,9,1.057609973,1.34E-36,1.687175912,4.47E-05,0.381492986,5.41E-36,305.45
5,5000,10,1.010007993,8.32E-37,1.734304611,6.70E-05,0.378267749,2.28E-35,350.52
5,5000,11,1.035364879,1.20E-37,1.753726101,1.15E-05,0.367293601,2.69E-33,317.11
5,5000,12,1.047943374,3.42E-36,1.617363463,0.000605597,0.379818772,1.14E-35,341.36
5,5000,13,1.031607668,1.65E-38,1.845691603,8.98E-05,0.389527384,1.40E-37,344.95
5,5000,14,1.03180774,1.36E-38,1.83396406,4.05E-06,0.363588074,1.29E-32,302.52
5,5000,15,1.037930397,9.91E-37,1.638353562,0.000178159,0.384311196,1.52E-36,290.95
5,5000,16,1.019833407,3.11E-40,1.672536772,3.44E-05,0.37125465,4.91E-34,347
5,5000,17,1.054594324,3.28E-39,1.804825612,4.33E-05,0.37862109,1.95E-35,324.47
5,5000,18,1.032204043,5.26E-41,1.650567418,6.45E-06,0.355545693,3.63E-31,315.48
5,5000,19,1.030879498,1.74E-35,1.73179782,0.000157735,0.369326383,1.13E-33,282.94
5,5000,20,1.01180276,1.37E-38,1.720147305,1.23E-05,0.373498773,1.85E-34,312.25
5,5000,21,1.036022267,9.70E-36,1.727207029,2.20E-05,0.376175573,5.74E-35,326.38
5,5000,22,1.029714304,1.66E-40,1.673904598,6.34E-05,0.395692566,7.95E-39,335.14
5,5000,23,1.027597463,2.00E-34,1.747209843,1.13E-05,0.359978608,5.84E-32,309.09
5,5000,24,1.028773894,2.91E-41,1.497033836,0.000416724,0.383582384,2.11E-36,384.02
5,5000,25,1.059540254,1.06E-39,1.741109605,1.29E-05,0.366994466,3.05E-33,314.81
5,5000,26,1.00649338,1.99E-39,1.544188472,0.000127597,0.372591351,2.75E-34,338.2
5,5000,27,1.010156124,1.58E-37,1.568581256,1.16E-05,0.358001631,1.32E-31,289.13
5,5000,28,1.034453972,1.24E-37,1.740437304,1.47E-05,0.377972143,2.60E-35,336.42
5,5000,29,1.049314613,4.22E-36,1.687008109,2.56E-05,0.373425002,1.91E-34,306.11
5,5000,30,1.015550702,8.74E-40,1.864148382,2.44E-06,0.379991191,1.06E-35,317.86
5,5000,31,1.023858254,6.47E-36,1.589825024,0.000127436,0.3562929,2.68E-31,310.82
5,5000,32,1.04811225,6.13E-39,1.731886492,3.14E-05,0.385545852,8.69E-37,327.03
5,5000,33,1.053878599,1.11E-35,1.726825929,7.75E-05,0.374739974,1.08E-34,353.69
5,5000,34,1.042152222,7.71E-39,1.6725884,0.000158643,0.380105772,1.01E-35,313.22
5,5000,35,1.020977434,1.67E-40,1.751751368,9.15E-07,0.362267925,2.25E-32,281.72
5,5000,36,1.037611428,9.36E-41,1.772240975,3.60E-05,0.37486848,1.02E-34,345.84
5,5000,37,1.035001722,6.38E-38,1.65229787,0.000334813,0.379066831,1.60E-35,320.72
5,5000,38,1.061486545,1.02E-38,1.668629282,2.09E-05,0.361220539,3.48E-32,339.46
5,5000,39,1.033544625,2.55E-37,1.786146798,2.72E-06,0.362178099,2.33E-32,288.42
5,5000,40,1.055434331,5.96E-37,1.731992341,5.30E-06,0.357063592,1.95E-31,295.56
5,5000,41,1.025540234,6.16E-37,1.675961996,4.47E-05,0.370327115,7.32E-34,353.83
5,5000,42,1.02018644,7.81E-40,1.645532746,3.02E-05,0.37307602,2.23E-34,327.66
5,5000,43,1.024288123,7.99E-38,1.859775381,3.29E-06,0.374427331,1.23E-34,261.89
5,5000,44,1.06112872,7.00E-39,1.786014505,2.06E-05,0.357244564,1.81E-31,292.12
5,5000,45,1.037236351,5.60E-40,1.728837152,1.04E-05,0.357267037,1.79E-31,292.39
5,5000,46,1.011658313,6.45E-40,1.701021002,5.86E-05,0.363396534,1.40E-32,318.57
5,5000,47,1.066540223,3.54E-37,1.867089427,8.19E-05,0.37836474,2.18E-35,317.48
5,5000,48,1.038673141,3.29E-42,1.644491468,3.07E-06,0.374730394,1.08E-34,275.87
5,5000,49,1.022574659,9.40E-44,1.72568128,3.52E-06,0.365798578,5.08E-33,323.3
5,5000,50,1.018353615,1.55E-36,1.737344026,8.12E-06,0.370355351,7.23E-34,340.44
5,10000,1,1.047563558,1.41E-36,1.649612626,0.000176431,0.367253412,2.73E-33,516.76
5,10000,2,1.033773055,5.98E-41,1.540244895,0.000200554,0.391603236,5.38E-38,591.21
5,10000,3,1.027091887,1.33E-39,1.738769355,3.54E-05,0.381516989,5.35E-36,481.69
5,10000,4,1.037095295,2.82E-40,1.641708973,0.000134854,0.380235487,9.49E-36,564.31
5,10000,5,1.052877657,2.27E-36,1.740270081,1.11E-05,0.369266181,1.16E-33,539.47
5,10000,6,1.009644371,1.24E-38,1.74826613,2.89E-05,0.390035273,1.11E-37,631.42
5,10000,7,1.032613229,3.47E-47,1.641948046,2.02E-05,0.39404181,1.73E-38,580.58
5,10000,8,1.03072656,1.81E-39,1.677611626,4.50E-05,0.378712829,1.87E-35,572.93
5,10000,9,1.060008702,1.28E-39,1.660997649,5.36E-05,0.386806177,4.89E-37,556.79
5,10000,10,1.02129913,2.50E-38,1.924398286,1.44E-05,0.376240052,5.58E-35,567.75
5,10000,11,1.030086846,1.50E-37,1.638002623,5.78E-05,0.358845139,9.35E-32,510.68
5,10000,12,1.048722094,4.55E-38,1.669551273,0.00040696,0.39214794,4.17E-38,626.88
5,10000,13,1.027862725,1.27E-41,1.595462742,5.18E-05,0.382746145,3.08E-36,596.83
5,10000,14,1.036182151,4.94E-37,1.626931082,0.000153816,0.384857334,1.19E-36,533.03
5,10000,15,1.031567989,1.94E-38,1.641415479,5.01E-05,0.380146931,9.88E-36,520.56
5,10000,16,1.023577607,3.28E-40,1.642783058,3.82E-05,0.364796599,7.76E-33,497.09
5,10000,17,1.046480204,1.53E-36,1.752635315,5.36E-05,0.37935112,1.41E-35,542.1
5,10000,18,1.028168115,3.51E-42,1.706142519,1.05E-05,0.364468091,8.91E-33,511.43
5,10000,19,1.037726061,3.46E-36,1.737271823,3.97E-05,0.37016497,7.85E-34,446.47
5,10000,20,1.023876587,7.46E-40,1.604512631,1.28E-05,0.365764198,5.15E-33,501.85
5,10000,21,1.037334385,2.74E-35,1.728293686,0.00013054,0.377564594,3.11E-35,559.89
5,10000,22,1.033668217,2.73E-36,1.774722084,1.73E-05,0.382165969,4.00E-36,582.34
5,10000,23,1.055490548,4.74E-38,1.914141537,1.44E-06,0.351208281,2.11E-30,479.35
5,10000,24,1.031027939,2.78E-40,1.587658096,3.40E-05,0.377395892,3.35E-35,580.68
5,10000,25,1.049517381,5.49E-41,1.570542601,8.85E-05,0.372437941,2.94E-34,382.46
5,10000,26,1.00832987,7.04E-41,1.721181487,9.10E-06,0.377974705,2.59E-35,561.95
5,10000,27,1.024342759,1.33E-39,1.572311417,1.67E-05,0.359612827,6.80E-32,520.53
5,10000,28,1.028187969,4.94E-39,1.774783283,3.79E-06,0.372462341,2.91E-34,547.67
5,10000,29,1.055682193,5.44E-37,1.809618807,8.58E-06,0.385588273,8.52E-37,543.16
5,10000,30,1.012029879,1.02E-38,1.862967012,1.12E-05,0.370909013,5.70E-34,540.55
5,10000,31,1.022682375,4.55E-37,1.729257867,2.91E-05,0.365113265,6.79E-33,513.5
5,10000,32,1.047889616,3.61E-37,1.819735794,1.24E-05,0.37009835,8.08E-34,572.32
5,10000,33,1.055193037,1.36E-36,1.705377553,6.37E-05,0.37419326,1.37E-34,510.85
5,10000,34,1.043756739,8.35E-38,1.69119728,6.29E-05,0.37810489,2.45E-35,551.9
5,10000,35,1.026330586,8.10E-40,1.745495219,5.75E-06,0.358082139,1.28E-31,469.88
5,10000,36,1.038460881,1.65E-40,1.491782039,0.00023086,0.378557674,2.00E-35,557.42
5,10000,37,1.030198468,5.91E-38,1.584491673,0.000121203,0.372705913,2.62E-34,507.52
5,10000,38,1.059556445,2.44E-37,1.677884493,4.37E-05,0.358358249,1.14E-31,539.46
5,10000,39,1.032372259,8.95E-37,1.677276081,3.21E-05,0.362938516,1.70E-32,469.15
5,10000,40,1.05728912,5.85E-37,1.808010939,8.24E-06,0.35965427,6.69E-32,482.03
5,10000,41,1.030966815,1.90E-37,1.717796161,1.66E-05,0.368423653,1.66E-33,570.04
5,10000,42,1.031694395,1.21E-39,1.712096079,1.83E-05,0.378805545,1.79E-35,536.68
5,10000,43,1.025372593,1.26E-39,1.835816571,1.63E-06,0.375528129,7.62E-35,414.4
5,10000,44,1.050353055,1.56E-38,1.612442729,1.80E-05,0.361275317,3.41E-32,506.28
5,10000,45,1.037948394,2.42E-41,1.794354623,1.63E-07,0.3472642,1.02E-29,437.33
5,10000,46,1.007004211,6.22E-40,1.712021649,6.61E-05,0.374348934,1.28E-34,534.24
5,10000,47,1.061059676,1.85E-36,1.753300755,6.12E-05,0.380908817,7.03E-36,508.87
5,10000,48,1.032105599,6.46E-41,1.667026059,9.29E-06,0.374716555,1.09E-34,516.8
5,10000,49,1.017781191,5.41E-41,1.664536384,2.76E-05,0.361721508,2.83E-32,533.56
5,10000,50,1.017627539,5.34E-40,1.625193359,4.65E-05,0.367124381,2.89E-33,553.83
10,1000,1,1.057799985,6.03E-37,1.611133703,8.31E-05,0.374198937,1.36E-34,348.37
10,1000,2,1.029101369,1.95E-39,1.543924056,0.000790215,0.382364262,3.66E-36,378.5
10,1000,3,1.023585878,7.27E-43,1.74181882,1.39E-05,0.361899617,2.62E-32,323.75
10,1000,4,1.052384904,5.84E-35,1.694955084,2.97E-05,0.357777241,1.45E-31,365.77
10,1000,5,1.073441448,4.06E-41,1.746590955,1.94E-05,0.360570535,4.57E-32,370.87
10,1000,6,1.01034737,5.24E-34,1.833154853,6.04E-06,0.357025328,1.98E-31,381.63
10,1000,7,1.020332439,4.32E-48,1.627994771,1.60E-05,0.380376501,8.91E-36,359.72
10,1000,8,1.019227862,4.06E-47,1.803076364,8.71E-05,0.348579436,6.06E-30,364.45
10,1000,9,1.038418581,1.03E-39,1.656687949,8.52E-05,0.370194565,7.75E-34,360.09
10,1000,10,1.004269644,2.83E-39,1.655094116,8.97E-05,0.355286211,4.04E-31,356
10,1000,11,1.032894814,3.80E-35,1.646410026,5.29E-05,0.365651199,5.40E-33,337.72
10,1000,12,1.056504749,5.90E-36,1.989964749,2.20E-05,0.385061524,1.08E-36,358.72
10,1000,13,1.038206622,3.24E-39,1.818223735,7.10E-07,0.386942363,4.60E-37,395.14
10,1000,14,1.034802261,8.49E-37,1.81044011,8.98E-05,0.400619236,7.67E-40,346.1
10,1000,15,1.049992587,2.63E-39,2.031470056,4.93E-06,0.37741277,3.32E-35,368.86
10,1000,16,0.992629647,6.02E-37,1.438255662,0.001149883,0.375306709,8.40E-35,367.92
10,1000,17,1.044964273,5.76E-40,1.711078068,4.58E-05,0.368802175,1.41E-33,373.88
10,1000,18,1.067626846,2.61E-41,1.62601497,0.000332777,0.351155969,2.16E-30,340.81
10,1000,19,1.020495854,3.57E-36,1.574412222,0.000281408,0.376273469,5.49E-35,351.17
10,1000,20,1.036751909,1.52E-36,1.472351298,0.000193998,0.38441366,1.45E-36,323.96
10,1000,21,1.037734119,4.21E-35,1.807826839,8.45E-06,0.370965897,5.56E-34,358.82
10,1000,22,1.038769302,1.83E-40,1.458513609,0.000433265,0.371504988,4.40E-34,362.78
10,1000,23,1.011712446,3.90E-37,1.653446294,0.000219525,0.369417824,1.08E-33,347.8
10,1000,24,1.009994215,9.74E-41,1.745519161,0.00045135,0.367610698,2.35E-33,408.49
10,1000,25,1.072091063,6.72E-41,1.632850783,5.38E-05,0.37205235,3.47E-34,368.46
10,1000,26,1.00980421,1.76E-38,1.653491299,1.83E-05,0.360889892,4.00E-32,379.21
10,1000,27,1.003246814,1.01E-34,1.663516398,6.28E-05,0.3562545,2.72E-31,367.47
10,1000,28,1.022018918,2.59E-37,1.661982982,0.000154455,0.391602236,5.38E-38,361.57
10,1000,29,1.046600444,1.49E-33,1.403180301,0.000458825,0.352988201,1.03E-30,338.22
10,1000,30,1.006891685,1.04E-34,1.544371263,0.000553015,0.381722453,4.88E-36,375.24
10,1000,31,1.036240758,3.56E-35,1.605223153,5.11E-05,0.356253553,2.72E-31,354.28
10,1000,32,1.040138858,8.90E-36,1.634128061,0.000231853,0.368255895,1.78E-33,371.81
10,1000,33,1.047778868,6.93E-34,1.667953414,0.000353601,0.367636462,2.32E-33,363.02
10,1000,34,1.040320069,5.41E-36,1.690883621,3.90E-05,0.348164124,7.15E-30,345.79
10,1000,35,1.025006589,7.30E-40,1.891946376,1.77E-06,0.367119478,2.90E-33,357.22
10,1000,36,1.033548816,7.60E-43,1.660521976,2.36E-05,0.373368025,1.96E-34,354.1
10,1000,37,1.047530343,7.02E-38,1.629812862,4.37E-05,0.362648822,1.92E-32,364.11
10,1000,38,1.063952879,5.76E-35,1.715430885,0.000175351,0.372490356,2.87E-34,363.28
10,1000,39,1.036183615,2.38E-35,1.830620087,8.74E-05,0.352375005,1.32E-30,353.68
10,1000,40,1.06635258,5.21E-37,1.758484966,1.42E-05,0.373098972,2.20E-34,354.75
10,1000,41,1.027890723,8.84E-42,1.615690962,0.000275166,0.386289885,6.19E-37,387.43
10,1000,42,1.023369482,5.40E-47,1.626282317,0.000609179,0.374647939,1.12E-34,379.82
10,1000,43,1.025627014,2.93E-37,1.913127467,6.49E-05,0.376641697,4.67E-35,340.08
10,1000,44,1.061775165,1.70E-40,1.916981093,7.52E-06,0.363053868,1.62E-32,337.38
10,1000,45,1.033249583,1.64E-39,1.531450206,7.21E-05,0.366645689,3.54E-33,370.61
10,1000,46,1.044053727,1.23E-42,1.490265565,0.000405644,0.377155652,3.72E-35,354.97
10,1000,47,1.036071839,2.05E-38,1.761999724,4.20E-05,0.360365325,4.98E-32,376.62
10,1000,48,1.043792042,1.13E-42,1.947819789,1.76E-06,0.358997649,8.78E-32,359.09
10,1000,49,1.019734325,2.47E-42,1.380699294,0.000260836,0.359855608,6.15E-32,359.33
10,1000,50,1.005702137,2.33E-36,1.626834646,2.09E-06,0.349089643,4.94E-30,373.91
10,2000,1,1.067814024,2.10E-37,1.707917159,0.000247938,0.367660967,2.30E-33,403.62
10,2000,2,1.028303912,2.97E-41,1.457332037,0.000314501,0.36786046,2.11E-33,450.04
10,2000,3,1.038629111,1.76E-39,1.825285971,7.60E-07,0.361814737,2.72E-32,416.9
10,2000,4,1.051406468,2.12E-37,1.635635947,5.88E-05,0.380930393,6.96E-36,458.64
10,2000,5,1.068702809,1.66E-38,1.702928937,1.81E-05,0.380292436,9.26E-36,486.17
10,2000,6,1.049436463,1.55E-41,1.764129011,1.87E-06,0.371600445,4.22E-34,463.04
10,2000,7,1.027416798,2.89E-47,1.474234362,3.70E-05,0.367274248,2.71E-33,442.31
10,2000,8,1.032114351,3.63E-40,1.807263218,9.58E-06,0.373732009,1.67E-34,439.69
10,2000,9,1.034986124,2.03E-38,1.698398544,4.69E-05,0.37596253,6.30E-35,460.39
10,2000,10,1.003810859,7.36E-37,1.89250729,3.31E-06,0.364801915,7.74E-33,437.84
10,2000,11,1.031423107,2.34E-40,1.797420945,2.88E-05,0.357857222,1.41E-31,409.05
10,2000,12,1.045240127,1.50E-40,1.577758668,0.000477636,0.358361534,1.14E-31,454.87
10,2000,13,1.034107879,3.60E-41,1.650495318,1.01E-05,0.379888875,1.11E-35,462.58
10,2000,14,1.018795103,4.41E-37,1.588144326,1.38E-05,0.370332866,7.30E-34,435.75
10,2000,15,1.022021936,2.04E-41,1.763439817,3.44E-05,0.382279306,3.80E-36,441.5
10,2000,16,1.013544771,2.06E-40,1.851439655,2.75E-05,0.380534514,8.31E-36,453.98
10,2000,17,1.057507093,3.84E-40,1.510263046,0.000355055,0.36673725,3.41E-33,427.99
10,2000,18,1.048255943,6.90E-39,1.790460475,1.60E-06,0.356355588,2.61E-31,432.28
10,2000,19,1.033695438,3.19E-35,1.637765907,0.00059292,0.369915336,8.74E-34,394.84
10,2000,20,1.035651885,5.02E-38,1.587099282,0.000222488,0.374911908,9.99E-35,420.61
10,2000,21,1.031172084,4.84E-37,1.671049,3.14E-05,0.371345207,4.72E-34,420.75
10,2000,22,1.034853127,5.98E-40,1.601463806,4.62E-05,0.373319164,2.00E-34,449.3
10,2000,23,1.015911242,8.99E-35,1.723246007,3.65E-05,0.354549416,5.46E-31,433.69
10,2000,24,1.014014361,2.09E-42,1.247992791,0.002785045,0.385412634,9.23E-37,492.81
10,2000,25,1.024389969,9.34E-38,1.523677334,0.000214191,0.376726946,4.50E-35,442.17
10,2000,26,1.001158042,1.54E-39,1.663049623,9.80E-05,0.375052145,9.39E-35,454
10,2000,27,1.029485506,6.72E-45,1.685636202,8.93E-06,0.366135256,4.40E-33,427.19
10,2000,28,1.024258519,6.24E-43,1.661077235,1.54E-05,0.371157521,5.12E-34,429.72
10,2000,29,1.055463758,3.07E-36,1.703211165,0.000123933,0.369717999,9.52E-34,441.39
10,2000,30,1.009786168,1.88E-39,1.539141892,0.000565804,0.381776278,4.77E-36,446.33
10,2000,31,1.022454175,2.04E-37,1.705255367,9.37E-05,0.370703196,6.23E-34,435.48
10,2000,32,1.05683907,3.26E-35,1.624083172,0.000192235,0.375535956,7.60E-35,439.24
10,2000,33,1.046373865,5.35E-35,1.729867787,1.54E-05,0.360371837,4.96E-32,439.32
10,2000,34,1.030245811,3.14E-35,1.754152528,4.62E-05,0.36415475,1.02E-32,420.82
10,2000,35,1.028127305,1.70E-43,1.895608213,2.05E-06,0.364141054,1.02E-32,439.07
10,2000,36,1.040351758,9.67E-41,1.619626645,0.000450956,0.394258387,1.56E-38,375.49
10,2000,37,1.038674396,5.65E-37,1.491761636,0.000492548,0.379023241,1.63E-35,439.61
10,2000,38,1.058028716,1.70E-38,1.788584503,2.79E-05,0.359805895,6.28E-32,436.75
10,2000,39,1.031900143,4.09E-35,1.55359561,0.000212412,0.36770124,2.26E-33,383.79
10,2000,40,1.040486628,7.36E-38,1.508898402,0.000611117,0.379270723,1.46E-35,441.21
10,2000,41,1.032817982,9.33E-39,1.792844894,1.47E-05,0.377219509,3.62E-35,450.04
10,2000,42,1.023102227,1.01E-38,1.849664945,3.45E-05,0.372034316,3.50E-34,448.63
10,2000,43,1.026292968,4.01E-42,1.892342875,4.32E-07,0.379592737,1.26E-35,406.89
10,2000,44,1.059039498,5.23E-40,1.887988435,1.20E-06,0.360179654,5.38E-32,432.8
10,2000,45,1.050901852,2.19E-37,1.731933192,9.55E-06,0.353542046,8.22E-31,411.36
10,2000,46,1.011850419,6.83E-40,1.80175414,2.74E-05,0.378823558,1.78E-35,433.18
10,2000,47,1.05962983,1.76E-36,1.778553615,2.61E-05,0.36997674,8.52E-34,447.02
10,2000,48,1.015334502,7.30E-43,1.544116143,3.17E-05,0.374569805,1.16E-34,458.41
10,2000,49,1.010928083,5.77E-43,1.564471721,3.41E-05,0.364560764,8.57E-33,439.15
10,2000,50,1.01172743,4.92E-35,1.66218394,3.07E-05,0.376796413,4.36E-35,441.27
10,5000,1,1.065183922,6.82E-36,1.802494472,0.000135719,0.375593943,7.41E-35,665.73
10,5000,2,1.024350967,3.21E-42,1.491803542,0.000359351,0.383949163,1.79E-36,720.85
10,5000,3,1.021970719,3.15E-39,1.8289149,1.92E-06,0.369929678,8.69E-34,645.76
10,5000,4,1.043815523,1.65E-38,1.759610063,4.87E-05,0.378947671,1.68E-35,736.91
10,5000,5,1.054097701,3.59E-39,1.889684043,1.26E-05,0.379205369,1.50E-35,744.5
10,5000,6,1.030120604,1.68E-37,1.717649829,0.000157095,0.385097923,1.06E-36,703.86
10,5000,7,1.024594733,8.11E-47,1.636034075,9.79E-06,0.38002156,1.04E-35,712.25
10,5000,8,1.034735656,3.80E-39,1.626637144,8.14E-05,0.371818295,3.84E-34,704.4
10,5000,9,1.036857665,9.11E-37,1.692967366,4.93E-05,0.371116269,5.21E-34,700.39
10,5000,10,1.005348003,6.70E-37,1.760885099,3.04E-05,0.378841275,1.77E-35,716.74
10,5000,11,1.032215381,2.17E-37,1.804574649,1.56E-05,0.360296093,5.12E-32,655.28
10,5000,12,1.044604997,5.64E-36,1.653019324,0.000262385,0.376271259,5.50E-35,734.64
10,5000,13,1.022642109,8.03E-39,1.777816238,0.000122949,0.393039815,2.76E-38,727.34
10,5000,14,1.027979561,1.80E-38,1.758759947,1.03E-05,0.363779701,1.19E-32,667.54
10,5000,15,1.038251941,9.55E-37,1.607361208,0.000204377,0.381922301,4.46E-36,728.03
10,5000,16,1.019007261,9.25E-40,1.640975698,0.000139684,0.37953981,1.29E-35,737.65
10,5000,17,1.051177193,4.95E-39,1.801343893,2.45E-05,0.381374882,5.70E-36,734.92
10,5000,18,1.029757437,7.94E-41,1.681157943,2.09E-05,0.363237207,1.50E-32,673.18
10,5000,19,1.035252517,1.32E-35,1.759725957,7.92E-05,0.375888793,6.51E-35,654.75
10,5000,20,1.026571945,5.51E-38,1.758025516,2.55E-05,0.388130964,2.67E-37,682.06
10,5000,21,1.033581121,7.37E-36,1.698035849,1.90E-05,0.374528136,1.18E-34,733.98
10,5000,22,1.029312268,4.13E-40,1.731974648,0.000192814,0.399690652,1.20E-39,741.57
10,5000,23,1.020453348,2.70E-34,1.812566204,2.54E-05,0.374709562,1.09E-34,701.82
10,5000,24,1.018188921,2.81E-41,1.56937333,0.000219688,0.381277279,5.96E-36,775.29
10,5000,25,1.053522281,1.93E-39,1.789942348,1.37E-05,0.372428571,2.95E-34,722.45
10,5000,26,1.009759411,1.24E-39,1.550198346,0.000137512,0.370498743,6.80E-34,705.72
10,5000,27,1.003721587,2.32E-37,1.65086083,2.15E-05,0.36030694,5.10E-32,602.95
10,5000,28,1.037388957,5.44E-38,1.695164676,2.94E-05,0.374564477,1.16E-34,681.31
10,5000,29,1.045787131,6.70E-36,1.775488314,1.26E-05,0.368183157,1.84E-33,671.57
10,5000,30,1.011156038,2.40E-39,1.789210813,2.86E-05,0.382583192,3.32E-36,694.64
10,5000,31,1.028289012,6.69E-36,1.658235069,9.55E-05,0.364598498,8.44E-33,632.17
10,5000,32,1.035502401,4.75E-39,1.730729836,1.64E-05,0.375552538,7.54E-35,708.04
10,5000,33,1.04842358,8.40E-36,1.797634786,3.89E-05,0.371671426,4.10E-34,709.15
10,5000,34,1.033936498,1.01E-38,1.765945448,2.23E-05,0.374436804,1.23E-34,681.17
10,5000,35,1.02001433,2.73E-40,1.878647926,7.36E-07,0.367514983,2.45E-33,668.72
10,5000,36,1.04119442,7.03E-41,1.710825823,6.54E-05,0.378303305,2.24E-35,707.36
10,5000,37,1.036187858,3.12E-38,1.680364762,0.000151233,0.381593023,5.17E-36,715.86
10,5000,38,1.053848539,4.80E-38,1.697027415,6.63E-05,0.368977133,1.31E-33,670.99
10,5000,39,1.031326399,1.75E-37,1.742984081,9.83E-06,0.360442319,4.82E-32,646.51
10,5000,40,1.057061903,7.51E-37,1.723121673,2.65E-05,0.373640393,1.74E-34,691.99
10,5000,41,1.029900101,9.63E-37,1.793824307,2.62E-05,0.380876301,7.13E-36,738.25
10,5000,42,1.015473636,1.12E-39,1.717101708,3.33E-05,0.37566201,7.19E-35,734.28
10,5000,43,1.022162199,1.56E-37,1.869715075,6.77E-06,0.379315548,1.43E-35,684.78
10,5000,44,1.070098329,2.54E-39,1.778678965,2.04E-05,0.361035354,3.76E-32,671.94
10,5000,45,1.034107005,7.54E-40,1.735581912,2.77E-05,0.373101899,2.20E-34,689.45
10,5000,46,1.011271223,8.26E-40,1.791467251,2.66E-05,0.373678965,1.71E-34,721.78
10,5000,47,1.063445339,3.84E-37,1.863024808,3.77E-05,0.374845549,1.03E-34,701.86
10,5000,48,1.039344339,2.65E-42,1.612802465,1.06E-05,0.374989142,9.66E-35,710.97
10,5000,49,1.027310794,3.76E-44,1.697091325,5.34E-06,0.372542167,2.81E-34,707.59
10,5000,50,1.010023556,2.69E-36,1.778119665,4.61E-06,0.374712507,1.09E-34,706.03
10,10000,1,1.063436611,1.24E-36,1.714875451,0.00010983,0.376179858,5.73E-35,1085.39
10,10000,2,1.027893597,1.20E-40,1.585255685,0.000155493,0.386200235,6.45E-37,1154.52
10,10000,3,1.021355222,1.58E-39,1.783355255,5.40E-06,0.373505707,1.85E-34,998.55
10,10000,4,1.028101641,3.36E-40,1.610853826,0.000125307,0.382624576,3.25E-36,1139.65
10,10000,5,1.053029873,3.28E-36,1.792612612,3.62E-05,0.383713309,1.99E-36,1192.22
10,10000,6,1.02130022,1.62E-38,1.79825844,6.77E-06,0.381486227,5.43E-36,1052.99
10,10000,7,1.027913283,1.97E-47,1.644686163,8.97E-06,0.37941826,1.37E-35,1098.11
10,10000,8,1.031712324,2.21E-39,1.715252769,3.52E-05,0.369032123,1.28E-33,1050.93
10,10000,9,1.044287956,8.89E-40,1.667765659,4.25E-05,0.376302983,5.42E-35,1098.32
10,10000,10,1.020116522,1.04E-38,1.885208719,6.21E-06,0.376749173,4.46E-35,1178.59
10,10000,11,1.023054119,1.72E-37,1.666248325,7.89E-05,0.36442997,9.06E-33,968.28
10,10000,12,1.047334129,6.37E-38,1.707285498,0.000142947,0.381925823,4.46E-36,1186.97
10,10000,13,1.022104106,1.22E-41,1.583165344,0.000113366,0.38910476,1.71E-37,1210.42
10,10000,14,1.030425856,6.42E-37,1.672153194,9.16E-05,0.38760235,3.40E-37,1100.66
10,10000,15,1.028679389,2.84E-38,1.616994738,0.000197439,0.381996778,4.32E-36,1132.51
10,10000,16,1.029142186,4.13E-40,1.662816091,8.17E-05,0.37535936,8.21E-35,1101.52
10,10000,17,1.043205373,1.63E-36,1.78478635,1.92E-05,0.377534978,3.15E-35,1122.25
10,10000,18,1.027019504,8.18E-42,1.739018207,1.41E-05,0.368066779,1.93E-33,1031.64
10,10000,19,1.038645949,5.19E-36,1.743226232,0.000100661,0.373514152,1.84E-34,1058.56
10,10000,20,1.039103178,1.50E-39,1.684222079,2.98E-05,0.380505886,8.41E-36,1055.95
10,10000,21,1.037180473,1.25E-35,1.707035555,7.17E-05,0.377480842,3.23E-35,1143.24
10,10000,22,1.025354981,4.15E-36,1.771151533,0.000131206,0.388814358,1.95E-37,1223.76
10,10000,23,1.047854912,8.10E-38,1.856459171,1.56E-05,0.36784449,2.12E-33,1092.97
10,10000,24,1.017857738,5.38E-40,1.686012137,2.37E-05,0.37759962,3.06E-35,1126.02
10,10000,25,1.04892177,1.31E-40,1.578729069,7.78E-05,0.37251769,2.84E-34,1146.37
10,10000,26,1.012236233,8.21E-41,1.745273475,4.47E-06,0.370525874,6.72E-34,1148.46
10,10000,27,1.024930735,2.19E-39,1.680109063,9.13E-06,0.366568279,3.66E-33,1077.33
10,10000,28,1.029123472,3.06E-39,1.744913815,1.28E-05,0.371060072,5.34E-34,1103.7
10,10000,29,1.055015576,6.27E-37,1.790735898,1.10E-05,0.382091195,4.14E-36,1101.94
10,10000,30,1.011795112,8.68E-39,1.781873186,6.90E-05,0.374784784,1.06E-34,1055.82
10,10000,31,1.024949374,5.17E-37,1.760055401,2.34E-05,0.370059451,8.22E-34,1028.97
10,10000,32,1.034883455,2.76E-37,1.744321839,2.65E-05,0.367172724,2.83E-33,1042.58
10,10000,33,1.054221541,1.02E-36,1.741722524,2.48E-05,0.374863826,1.02E-34,1021.08
10,10000,34,1.034937976,5.26E-38,1.69656723,1.62E-05,0.363353981,1.43E-32,1048.03
10,10000,35,1.02538043,1.14E-39,1.721987574,1.11E-05,0.364607584,8.40E-33,998.61
10,10000,36,1.043963219,1.93E-40,1.572370628,0.000163532,0.37695498,4.07E-35,1087.44
10,10000,37,1.033577858,4.34E-38,1.590125131,0.000128514,0.378282357,2.26E-35,1111.75
10,10000,38,1.055090094,7.07E-37,1.746503747,0.000106898,0.376677115,4.60E-35,1111.92
10,10000,39,1.037353268,1.33E-36,1.755920331,1.27E-05,0.36852455,1.59E-33,1010.48
10,10000,40,1.05831923,1.17E-36,1.821866289,1.80E-05,0.376245392,5.56E-35,1096.08
10,10000,41,1.034872396,2.29E-37,1.828221034,1.02E-05,0.382485663,3.46E-36,1195.49
10,10000,42,1.029864101,2.44E-39,1.787340931,1.90E-05,0.376064844,6.02E-35,1075.9
10,10000,43,1.026030334,2.58E-39,1.832890939,2.22E-06,0.377147518,3.74E-35,1062.25
10,10000,44,1.059982678,1.35E-38,1.718810052,1.13E-05,0.366724047,3.43E-33,1078.16
10,10000,45,1.042517712,1.27E-40,1.855370576,1.54E-06,0.373100675,2.20E-34,1048.8
10,10000,46,1.006656933,9.29E-40,1.717343587,3.67E-05,0.376669358,4.62E-35,1111.78
10,10000,47,1.058561618,2.18E-36,1.78753694,4.63E-05,0.38314712,2.57E-36,1144.56
10,10000,48,1.029416783,6.01E-41,1.643457843,3.20E-05,0.372680961,2.64E-34,1060.81
10,10000,49,1.019452893,4.77E-41,1.6575232,1.96E-05,0.370694879,6.25E-34,1119.14
10,10000,50,1.015854247,9.48E-40,1.771437532,7.17E-06,0.373705481,1.69E-34,1118.46